New_SKU_ID,Store_ID,Year_WK,Analog_Demand,Analog_SKUs_Used
NEW_SKU_001,ST01,2025-22,32.21,5
NEW_SKU_001,ST01,2025-23,311.64,5
NEW_SKU_001,ST01,2025-24,268.45,5
NEW_SKU_001,ST01,2025-25,230.18,5
NEW_SKU_001,ST01,2025-26,179.3,5
NEW_SKU_001,ST01,2025-27,192.12,5
NEW_SKU_001,ST01,2025-28,183.04,5
NEW_SKU_001,ST01,2025-29,236.89,5
NEW_SKU_001,ST01,2025-30,227.59,5
NEW_SKU_001,ST01,2025-31,148.36,5
NEW_SKU_001,ST01,2025-32,245.77,5
NEW_SKU_001,ST01,2025-33,171.28,5
NEW_SKU_001,ST01,2025-34,165.56,5
NEW_SKU_001,ST01,2025-35,177.75,5
NEW_SKU_001,ST01,2025-36,189.19,5
NEW_SKU_001,ST01,2025-37,224.49,5
NEW_SKU_001,ST01,2025-38,237.0,5
NEW_SKU_001,ST01,2025-39,176.62,5
NEW_SKU_001,ST01,2025-40,207.44,5
NEW_SKU_001,ST01,2025-41,192.56,5
NEW_SKU_001,ST01,2025-42,225.5,5
NEW_SKU_001,ST01,2025-43,206.29,5
NEW_SKU_001,ST01,2025-44,160.35,5
NEW_SKU_001,ST01,2025-45,263.35,5
NEW_SKU_001,ST01,2025-46,220.74,5
NEW_SKU_001,ST01,2025-47,233.79,5
NEW_SKU_001,ST01,2025-48,240.61,5
NEW_SKU_001,ST01,2025-49,181.77,5
NEW_SKU_001,ST01,2025-50,164.08,5
NEW_SKU_001,ST01,2025-51,205.92,5
NEW_SKU_001,ST01,2025-52,215.84,5
NEW_SKU_001,ST01,2026-01,260.36,5
NEW_SKU_001,ST01,2026-02,209.9,5
NEW_SKU_001,ST01,2026-03,249.46,5
NEW_SKU_001,ST01,2026-04,246.97,5
NEW_SKU_001,ST01,2026-05,231.09,5
NEW_SKU_001,ST01,2026-06,279.18,5
NEW_SKU_001,ST01,2026-07,206.71,5
NEW_SKU_001,ST01,2026-08,247.41,5
NEW_SKU_001,ST01,2026-09,244.43,5
NEW_SKU_001,ST01,2026-10,204.02,5
NEW_SKU_001,ST01,2026-11,246.51,5
NEW_SKU_001,ST01,2026-12,256.87,5
NEW_SKU_001,ST01,2026-13,218.42,5
NEW_SKU_001,ST01,2026-14,213.42,5
NEW_SKU_001,ST01,2026-15,214.2,5
NEW_SKU_001,ST01,2026-16,230.9,5
NEW_SKU_001,ST01,2026-17,215.55,5
NEW_SKU_001,ST01,2026-18,317.65,5
NEW_SKU_001,ST01,2026-19,232.17,5
NEW_SKU_001,ST01,2026-20,283.45,5
NEW_SKU_001,ST01,2026-21,181.06,5
NEW_SKU_001,ST01,2026-22,250.04,5
NEW_SKU_001,ST02,2025-22,29.54,5
NEW_SKU_001,ST02,2025-23,206.29,5
NEW_SKU_001,ST02,2025-24,149.12,5
NEW_SKU_001,ST02,2025-25,244.85,5
NEW_SKU_001,ST02,2025-26,282.67,5
NEW_SKU_001,ST02,2025-27,277.06,5
NEW_SKU_001,ST02,2025-28,191.38,5
NEW_SKU_001,ST02,2025-29,233.28,5
NEW_SKU_001,ST02,2025-30,265.71,5
NEW_SKU_001,ST02,2025-31,202.53,5
NEW_SKU_001,ST02,2025-32,292.22,5
NEW_SKU_001,ST02,2025-33,221.24,5
NEW_SKU_001,ST02,2025-34,237.48,5
NEW_SKU_001,ST02,2025-35,204.52,5
NEW_SKU_001,ST02,2025-36,263.92,5
NEW_SKU_001,ST02,2025-37,183.35,5
NEW_SKU_001,ST02,2025-38,156.68,5
NEW_SKU_001,ST02,2025-39,192.91,5
NEW_SKU_001,ST02,2025-40,227.14,5
NEW_SKU_001,ST02,2025-41,160.27,5
NEW_SKU_001,ST02,2025-42,222.14,5
NEW_SKU_001,ST02,2025-43,226.42,5
NEW_SKU_001,ST02,2025-44,208.57,5
NEW_SKU_001,ST02,2025-45,148.74,5
NEW_SKU_001,ST02,2025-46,179.57,5
NEW_SKU_001,ST02,2025-47,188.14,5
NEW_SKU_001,ST02,2025-48,201.7,5
NEW_SKU_001,ST02,2025-49,167.61,5
NEW_SKU_001,ST02,2025-50,305.17,5
NEW_SKU_001,ST02,2025-51,205.87,5
NEW_SKU_001,ST02,2025-52,205.55,5
NEW_SKU_001,ST02,2026-01,186.09,5
NEW_SKU_001,ST02,2026-02,201.9,5
NEW_SKU_001,ST02,2026-03,208.14,5
NEW_SKU_001,ST02,2026-04,274.18,5
NEW_SKU_001,ST02,2026-05,268.78,5
NEW_SKU_001,ST02,2026-06,203.1,5
NEW_SKU_001,ST02,2026-07,232.06,5
NEW_SKU_001,ST02,2026-08,283.82,5
NEW_SKU_001,ST02,2026-09,314.38,5
NEW_SKU_001,ST02,2026-10,175.92,5
NEW_SKU_001,ST02,2026-11,294.87,5
NEW_SKU_001,ST02,2026-12,264.6,5
NEW_SKU_001,ST02,2026-13,263.61,5
NEW_SKU_001,ST02,2026-14,245.18,5
NEW_SKU_001,ST02,2026-15,167.7,5
NEW_SKU_001,ST02,2026-16,277.6,5
NEW_SKU_001,ST02,2026-17,265.33,5
NEW_SKU_001,ST02,2026-18,239.64,5
NEW_SKU_001,ST02,2026-19,314.55,5
NEW_SKU_001,ST02,2026-20,242.09,5
NEW_SKU_001,ST02,2026-21,339.21,5
NEW_SKU_001,ST02,2026-22,223.21,5
NEW_SKU_001,ST03,2025-22,22.28,5
NEW_SKU_001,ST03,2025-23,200.3,5
NEW_SKU_001,ST03,2025-24,253.44,5
NEW_SKU_001,ST03,2025-25,138.21,5
NEW_SKU_001,ST03,2025-26,166.88,5
NEW_SKU_001,ST03,2025-27,174.5,5
NEW_SKU_001,ST03,2025-28,137.25,5
NEW_SKU_001,ST03,2025-29,196.79,5
NEW_SKU_001,ST03,2025-30,239.79,5
NEW_SKU_001,ST03,2025-31,235.07,5
NEW_SKU_001,ST03,2025-32,244.13,5
NEW_SKU_001,ST03,2025-33,204.39,5
NEW_SKU_001,ST03,2025-34,214.13,5
NEW_SKU_001,ST03,2025-35,128.45,5
NEW_SKU_001,ST03,2025-36,150.23,5
NEW_SKU_001,ST03,2025-37,205.71,5
NEW_SKU_001,ST03,2025-38,161.15,5
NEW_SKU_001,ST03,2025-39,138.07,5
NEW_SKU_001,ST03,2025-40,212.78,5
NEW_SKU_001,ST03,2025-41,229.4,5
NEW_SKU_001,ST03,2025-42,121.36,5
NEW_SKU_001,ST03,2025-43,244.23,5
NEW_SKU_001,ST03,2025-44,297.61,5
NEW_SKU_001,ST03,2025-45,192.77,5
NEW_SKU_001,ST03,2025-46,165.42,5
NEW_SKU_001,ST03,2025-47,281.29,5
NEW_SKU_001,ST03,2025-48,269.72,5
NEW_SKU_001,ST03,2025-49,214.69,5
NEW_SKU_001,ST03,2025-50,268.33,5
NEW_SKU_001,ST03,2025-51,234.24,5
NEW_SKU_001,ST03,2025-52,133.03,5
NEW_SKU_001,ST03,2026-01,204.39,5
NEW_SKU_001,ST03,2026-02,226.79,5
NEW_SKU_001,ST03,2026-03,266.6,5
NEW_SKU_001,ST03,2026-04,246.03,5
NEW_SKU_001,ST03,2026-05,182.12,5
NEW_SKU_001,ST03,2026-06,248.35,5
NEW_SKU_001,ST03,2026-07,238.38,5
NEW_SKU_001,ST03,2026-08,193.22,5
NEW_SKU_001,ST03,2026-09,242.02,5
NEW_SKU_001,ST03,2026-10,195.86,5
NEW_SKU_001,ST03,2026-11,161.6,5
NEW_SKU_001,ST03,2026-12,287.4,5
NEW_SKU_001,ST03,2026-13,225.38,5
NEW_SKU_001,ST03,2026-14,188.19,5
NEW_SKU_001,ST03,2026-15,226.45,5
NEW_SKU_001,ST03,2026-16,248.23,5
NEW_SKU_001,ST03,2026-17,218.0,5
NEW_SKU_001,ST03,2026-18,231.4,5
NEW_SKU_001,ST03,2026-19,280.72,5
NEW_SKU_001,ST03,2026-20,264.32,5
NEW_SKU_001,ST03,2026-21,212.13,5
NEW_SKU_001,ST03,2026-22,259.73,5
NEW_SKU_001,ST04,2025-22,22.24,5
NEW_SKU_001,ST04,2025-23,138.24,5
NEW_SKU_001,ST04,2025-24,215.14,5
NEW_SKU_001,ST04,2025-25,150.41,5
NEW_SKU_001,ST04,2025-26,200.96,5
NEW_SKU_001,ST04,2025-27,193.42,5
NEW_SKU_001,ST04,2025-28,174.13,5
NEW_SKU_001,ST04,2025-29,190.04,5
NEW_SKU_001,ST04,2025-30,148.7,5
NEW_SKU_001,ST04,2025-31,148.01,5
NEW_SKU_001,ST04,2025-32,272.13,5
NEW_SKU_001,ST04,2025-33,170.25,5
NEW_SKU_001,ST04,2025-34,199.32,5
NEW_SKU_001,ST04,2025-35,275.12,5
NEW_SKU_001,ST04,2025-36,163.44,5
NEW_SKU_001,ST04,2025-37,272.17,5
NEW_SKU_001,ST04,2025-38,301.53,5
NEW_SKU_001,ST04,2025-39,220.89,5
NEW_SKU_001,ST04,2025-40,270.56,5
NEW_SKU_001,ST04,2025-41,138.95,5
NEW_SKU_001,ST04,2025-42,346.19,5
NEW_SKU_001,ST04,2025-43,122.32,5
NEW_SKU_001,ST04,2025-44,170.97,5
NEW_SKU_001,ST04,2025-45,231.05,5
NEW_SKU_001,ST04,2025-46,181.04,5
NEW_SKU_001,ST04,2025-47,230.84,5
NEW_SKU_001,ST04,2025-48,347.42,5
NEW_SKU_001,ST04,2025-49,219.32,5
NEW_SKU_001,ST04,2025-50,230.63,5
NEW_SKU_001,ST04,2025-51,218.69,5
NEW_SKU_001,ST04,2025-52,243.84,5
NEW_SKU_001,ST04,2026-01,203.73,5
NEW_SKU_001,ST04,2026-02,270.51,5
NEW_SKU_001,ST04,2026-03,233.26,5
NEW_SKU_001,ST04,2026-04,255.63,5
NEW_SKU_001,ST04,2026-05,231.52,5
NEW_SKU_001,ST04,2026-06,216.01,5
NEW_SKU_001,ST04,2026-07,209.18,5
NEW_SKU_001,ST04,2026-08,236.26,5
NEW_SKU_001,ST04,2026-09,268.52,5
NEW_SKU_001,ST04,2026-10,244.58,5
NEW_SKU_001,ST04,2026-11,299.34,5
NEW_SKU_001,ST04,2026-12,203.45,5
NEW_SKU_001,ST04,2026-13,279.54,5
NEW_SKU_001,ST04,2026-14,215.83,5
NEW_SKU_001,ST04,2026-15,246.75,5
NEW_SKU_001,ST04,2026-16,199.1,5
NEW_SKU_001,ST04,2026-17,268.35,5
NEW_SKU_001,ST04,2026-18,263.46,5
NEW_SKU_001,ST04,2026-19,215.24,5
NEW_SKU_001,ST04,2026-20,215.73,5
NEW_SKU_001,ST04,2026-21,242.3,5
NEW_SKU_001,ST04,2026-22,198.61,5
NEW_SKU_001,ST05,2025-22,30.13,5
NEW_SKU_001,ST05,2025-23,214.06,5
NEW_SKU_001,ST05,2025-24,199.2,5
NEW_SKU_001,ST05,2025-25,173.58,5
NEW_SKU_001,ST05,2025-26,262.8,5
NEW_SKU_001,ST05,2025-27,148.93,5
NEW_SKU_001,ST05,2025-28,227.45,5
NEW_SKU_001,ST05,2025-29,141.39,5
NEW_SKU_001,ST05,2025-30,154.9,5
NEW_SKU_001,ST05,2025-31,178.52,5
NEW_SKU_001,ST05,2025-32,261.81,5
NEW_SKU_001,ST05,2025-33,225.73,5
NEW_SKU_001,ST05,2025-34,273.26,5
NEW_SKU_001,ST05,2025-35,210.06,5
NEW_SKU_001,ST05,2025-36,172.62,5
NEW_SKU_001,ST05,2025-37,210.58,5
NEW_SKU_001,ST05,2025-38,227.89,5
NEW_SKU_001,ST05,2025-39,213.47,5
NEW_SKU_001,ST05,2025-40,182.85,5
NEW_SKU_001,ST05,2025-41,202.12,5
NEW_SKU_001,ST05,2025-42,230.1,5
NEW_SKU_001,ST05,2025-43,210.21,5
NEW_SKU_001,ST05,2025-44,216.97,5
NEW_SKU_001,ST05,2025-45,253.77,5
NEW_SKU_001,ST05,2025-46,221.51,5
NEW_SKU_001,ST05,2025-47,174.23,5
NEW_SKU_001,ST05,2025-48,296.39,5
NEW_SKU_001,ST05,2025-49,224.47,5
NEW_SKU_001,ST05,2025-50,194.98,5
NEW_SKU_001,ST05,2025-51,196.54,5
NEW_SKU_001,ST05,2025-52,268.75,5
NEW_SKU_001,ST05,2026-01,269.8,5
NEW_SKU_001,ST05,2026-02,210.15,5
NEW_SKU_001,ST05,2026-03,291.17,5
NEW_SKU_001,ST05,2026-04,222.1,5
NEW_SKU_001,ST05,2026-05,196.92,5
NEW_SKU_001,ST05,2026-06,209.76,5
NEW_SKU_001,ST05,2026-07,262.75,5
NEW_SKU_001,ST05,2026-08,207.55,5
NEW_SKU_001,ST05,2026-09,264.11,5
NEW_SKU_001,ST05,2026-10,255.29,5
NEW_SKU_001,ST05,2026-11,207.33,5
NEW_SKU_001,ST05,2026-12,291.51,5
NEW_SKU_001,ST05,2026-13,265.83,5
NEW_SKU_001,ST05,2026-14,240.59,5
NEW_SKU_001,ST05,2026-15,218.34,5
NEW_SKU_001,ST05,2026-16,253.14,5
NEW_SKU_001,ST05,2026-17,171.64,5
NEW_SKU_001,ST05,2026-18,267.5,5
NEW_SKU_001,ST05,2026-19,265.32,5
NEW_SKU_001,ST05,2026-20,155.43,5
NEW_SKU_001,ST05,2026-21,194.55,5
NEW_SKU_001,ST05,2026-22,181.86,5
NEW_SKU_001,ST06,2025-22,24.18,5
NEW_SKU_001,ST06,2025-23,230.1,5
NEW_SKU_001,ST06,2025-24,305.89,5
NEW_SKU_001,ST06,2025-25,210.38,5
NEW_SKU_001,ST06,2025-26,168.38,5
NEW_SKU_001,ST06,2025-27,184.32,5
NEW_SKU_001,ST06,2025-28,190.61,5
NEW_SKU_001,ST06,2025-29,150.77,5
NEW_SKU_001,ST06,2025-30,234.87,5
NEW_SKU_001,ST06,2025-31,235.32,5
NEW_SKU_001,ST06,2025-32,186.55,5
NEW_SKU_001,ST06,2025-33,248.08,5
NEW_SKU_001,ST06,2025-34,229.72,5
NEW_SKU_001,ST06,2025-35,317.7,5
NEW_SKU_001,ST06,2025-36,203.42,5
NEW_SKU_001,ST06,2025-37,213.21,5
NEW_SKU_001,ST06,2025-38,191.89,5
NEW_SKU_001,ST06,2025-39,218.36,5
NEW_SKU_001,ST06,2025-40,171.95,5
NEW_SKU_001,ST06,2025-41,218.6,5
NEW_SKU_001,ST06,2025-42,210.71,5
NEW_SKU_001,ST06,2025-43,223.37,5
NEW_SKU_001,ST06,2025-44,162.84,5
NEW_SKU_001,ST06,2025-45,210.15,5
NEW_SKU_001,ST06,2025-46,214.46,5
NEW_SKU_001,ST06,2025-47,244.29,5
NEW_SKU_001,ST06,2025-48,247.41,5
NEW_SKU_001,ST06,2025-49,176.33,5
NEW_SKU_001,ST06,2025-50,164.74,5
NEW_SKU_001,ST06,2025-51,276.13,5
NEW_SKU_001,ST06,2025-52,261.83,5
NEW_SKU_001,ST06,2026-01,239.79,5
NEW_SKU_001,ST06,2026-02,278.07,5
NEW_SKU_001,ST06,2026-03,169.74,5
NEW_SKU_001,ST06,2026-04,281.41,5
NEW_SKU_001,ST06,2026-05,296.5,5
NEW_SKU_001,ST06,2026-06,226.18,5
NEW_SKU_001,ST06,2026-07,252.53,5
NEW_SKU_001,ST06,2026-08,188.51,5
NEW_SKU_001,ST06,2026-09,276.88,5
NEW_SKU_001,ST06,2026-10,201.38,5
NEW_SKU_001,ST06,2026-11,266.19,5
NEW_SKU_001,ST06,2026-12,304.27,5
NEW_SKU_001,ST06,2026-13,236.72,5
NEW_SKU_001,ST06,2026-14,206.81,5
NEW_SKU_001,ST06,2026-15,219.97,5
NEW_SKU_001,ST06,2026-16,231.47,5
NEW_SKU_001,ST06,2026-17,240.69,5
NEW_SKU_001,ST06,2026-18,216.36,5
NEW_SKU_001,ST06,2026-19,208.9,5
NEW_SKU_001,ST06,2026-20,140.0,5
NEW_SKU_001,ST06,2026-21,293.87,5
NEW_SKU_001,ST06,2026-22,235.45,5
NEW_SKU_001,ST07,2025-22,21.64,5
NEW_SKU_001,ST07,2025-23,192.89,5
NEW_SKU_001,ST07,2025-24,206.29,5
NEW_SKU_001,ST07,2025-25,286.47,5
NEW_SKU_001,ST07,2025-26,247.21,5
NEW_SKU_001,ST07,2025-27,163.01,5
NEW_SKU_001,ST07,2025-28,198.89,5
NEW_SKU_001,ST07,2025-29,210.48,5
NEW_SKU_001,ST07,2025-30,220.84,5
NEW_SKU_001,ST07,2025-31,181.85,5
NEW_SKU_001,ST07,2025-32,222.21,5
NEW_SKU_001,ST07,2025-33,258.61,5
NEW_SKU_001,ST07,2025-34,182.13,5
NEW_SKU_001,ST07,2025-35,231.0,5
NEW_SKU_001,ST07,2025-36,266.48,5
NEW_SKU_001,ST07,2025-37,251.78,5
NEW_SKU_001,ST07,2025-38,154.4,5
NEW_SKU_001,ST07,2025-39,219.7,5
NEW_SKU_001,ST07,2025-40,217.31,5
NEW_SKU_001,ST07,2025-41,203.16,5
NEW_SKU_001,ST07,2025-42,158.86,5
NEW_SKU_001,ST07,2025-43,168.52,5
NEW_SKU_001,ST07,2025-44,192.16,5
NEW_SKU_001,ST07,2025-45,192.51,5
NEW_SKU_001,ST07,2025-46,195.89,5
NEW_SKU_001,ST07,2025-47,208.26,5
NEW_SKU_001,ST07,2025-48,301.2,5
NEW_SKU_001,ST07,2025-49,207.53,5
NEW_SKU_001,ST07,2025-50,242.55,5
NEW_SKU_001,ST07,2025-51,236.65,5
NEW_SKU_001,ST07,2025-52,354.8,5
NEW_SKU_001,ST07,2026-01,360.58,5
NEW_SKU_001,ST07,2026-02,267.24,5
NEW_SKU_001,ST07,2026-03,261.5,5
NEW_SKU_001,ST07,2026-04,250.03,5
NEW_SKU_001,ST07,2026-05,236.7,5
NEW_SKU_001,ST07,2026-06,229.96,5
NEW_SKU_001,ST07,2026-07,248.37,5
NEW_SKU_001,ST07,2026-08,281.12,5
NEW_SKU_001,ST07,2026-09,171.86,5
NEW_SKU_001,ST07,2026-10,219.83,5
NEW_SKU_001,ST07,2026-11,244.2,5
NEW_SKU_001,ST07,2026-12,270.05,5
NEW_SKU_001,ST07,2026-13,243.68,5
NEW_SKU_001,ST07,2026-14,235.86,5
NEW_SKU_001,ST07,2026-15,223.13,5
NEW_SKU_001,ST07,2026-16,253.26,5
NEW_SKU_001,ST07,2026-17,325.26,5
NEW_SKU_001,ST07,2026-18,214.88,5
NEW_SKU_001,ST07,2026-19,254.34,5
NEW_SKU_001,ST07,2026-20,250.42,5
NEW_SKU_001,ST07,2026-21,168.7,5
NEW_SKU_001,ST07,2026-22,300.22,5
NEW_SKU_001,ST08,2025-22,10.49,5
NEW_SKU_001,ST08,2025-23,377.43,5
NEW_SKU_001,ST08,2025-24,213.37,5
NEW_SKU_001,ST08,2025-25,223.4,5
NEW_SKU_001,ST08,2025-26,228.54,5
NEW_SKU_001,ST08,2025-27,215.08,5
NEW_SKU_001,ST08,2025-28,302.84,5
NEW_SKU_001,ST08,2025-29,225.93,5
NEW_SKU_001,ST08,2025-30,212.27,5
NEW_SKU_001,ST08,2025-31,203.63,5
NEW_SKU_001,ST08,2025-32,220.21,5
NEW_SKU_001,ST08,2025-33,201.36,5
NEW_SKU_001,ST08,2025-34,198.82,5
NEW_SKU_001,ST08,2025-35,160.91,5
NEW_SKU_001,ST08,2025-36,173.4,5
NEW_SKU_001,ST08,2025-37,263.5,5
NEW_SKU_001,ST08,2025-38,156.06,5
NEW_SKU_001,ST08,2025-39,195.86,5
NEW_SKU_001,ST08,2025-40,430.88,5
NEW_SKU_001,ST08,2025-41,273.2,5
NEW_SKU_001,ST08,2025-42,270.26,5
NEW_SKU_001,ST08,2025-43,239.89,5
NEW_SKU_001,ST08,2025-44,184.35,5
NEW_SKU_001,ST08,2025-45,276.5,5
NEW_SKU_001,ST08,2025-46,195.18,5
NEW_SKU_001,ST08,2025-47,199.36,5
NEW_SKU_001,ST08,2025-48,160.12,5
NEW_SKU_001,ST08,2025-49,170.09,5
NEW_SKU_001,ST08,2025-50,268.38,5
NEW_SKU_001,ST08,2025-51,146.65,5
NEW_SKU_001,ST08,2025-52,246.73,5
NEW_SKU_001,ST08,2026-01,252.15,5
NEW_SKU_001,ST08,2026-02,240.73,5
NEW_SKU_001,ST08,2026-03,241.66,5
NEW_SKU_001,ST08,2026-04,297.69,5
NEW_SKU_001,ST08,2026-05,243.97,5
NEW_SKU_001,ST08,2026-06,270.9,5
NEW_SKU_001,ST08,2026-07,276.79,5
NEW_SKU_001,ST08,2026-08,241.42,5
NEW_SKU_001,ST08,2026-09,222.23,5
NEW_SKU_001,ST08,2026-10,238.09,5
NEW_SKU_001,ST08,2026-11,312.72,5
NEW_SKU_001,ST08,2026-12,260.34,5
NEW_SKU_001,ST08,2026-13,251.94,5
NEW_SKU_001,ST08,2026-14,265.05,5
NEW_SKU_001,ST08,2026-15,336.6,5
NEW_SKU_001,ST08,2026-16,187.12,5
NEW_SKU_001,ST08,2026-17,244.71,5
NEW_SKU_001,ST08,2026-18,209.39,5
NEW_SKU_001,ST08,2026-19,364.0,5
NEW_SKU_001,ST08,2026-20,220.7,5
NEW_SKU_001,ST08,2026-21,281.97,5
NEW_SKU_001,ST08,2026-22,246.07,5
NEW_SKU_001,ST09,2025-22,54.31,5
NEW_SKU_001,ST09,2025-23,271.55,5
NEW_SKU_001,ST09,2025-24,255.17,5
NEW_SKU_001,ST09,2025-25,129.73,5
NEW_SKU_001,ST09,2025-26,194.69,5
NEW_SKU_001,ST09,2025-27,337.01,5
NEW_SKU_001,ST09,2025-28,156.0,5
NEW_SKU_001,ST09,2025-29,209.4,5
NEW_SKU_001,ST09,2025-30,142.54,5
NEW_SKU_001,ST09,2025-31,265.65,5
NEW_SKU_001,ST09,2025-32,208.7,5
NEW_SKU_001,ST09,2025-33,207.18,5
NEW_SKU_001,ST09,2025-34,300.74,5
NEW_SKU_001,ST09,2025-35,259.5,5
NEW_SKU_001,ST09,2025-36,162.66,5
NEW_SKU_001,ST09,2025-37,210.65,5
NEW_SKU_001,ST09,2025-38,211.85,5
NEW_SKU_001,ST09,2025-39,137.96,5
NEW_SKU_001,ST09,2025-40,225.32,5
NEW_SKU_001,ST09,2025-41,239.02,5
NEW_SKU_001,ST09,2025-42,237.36,5
NEW_SKU_001,ST09,2025-43,239.72,5
NEW_SKU_001,ST09,2025-44,149.43,5
NEW_SKU_001,ST09,2025-45,296.84,5
NEW_SKU_001,ST09,2025-46,261.19,5
NEW_SKU_001,ST09,2025-47,214.76,5
NEW_SKU_001,ST09,2025-48,281.08,5
NEW_SKU_001,ST09,2025-49,284.93,5
NEW_SKU_001,ST09,2025-50,224.25,5
NEW_SKU_001,ST09,2025-51,179.75,5
NEW_SKU_001,ST09,2025-52,133.67,5
NEW_SKU_001,ST09,2026-01,251.57,5
NEW_SKU_001,ST09,2026-02,186.91,5
NEW_SKU_001,ST09,2026-03,259.51,5
NEW_SKU_001,ST09,2026-04,260.69,5
NEW_SKU_001,ST09,2026-05,212.02,5
NEW_SKU_001,ST09,2026-06,244.04,5
NEW_SKU_001,ST09,2026-07,323.01,5
NEW_SKU_001,ST09,2026-08,251.25,5
NEW_SKU_001,ST09,2026-09,269.23,5
NEW_SKU_001,ST09,2026-10,310.05,5
NEW_SKU_001,ST09,2026-11,307.15,5
NEW_SKU_001,ST09,2026-12,244.77,5
NEW_SKU_001,ST09,2026-13,216.1,5
NEW_SKU_001,ST09,2026-14,261.8,5
NEW_SKU_001,ST09,2026-15,220.19,5
NEW_SKU_001,ST09,2026-16,271.12,5
NEW_SKU_001,ST09,2026-17,207.85,5
NEW_SKU_001,ST09,2026-18,213.51,5
NEW_SKU_001,ST09,2026-19,178.9,5
NEW_SKU_001,ST09,2026-20,212.09,5
NEW_SKU_001,ST09,2026-21,296.85,5
NEW_SKU_001,ST09,2026-22,264.29,5
NEW_SKU_001,ST10,2025-22,18.81,5
NEW_SKU_001,ST10,2025-23,245.8,5
NEW_SKU_001,ST10,2025-24,250.67,5
NEW_SKU_001,ST10,2025-25,322.39,5
NEW_SKU_001,ST10,2025-26,214.64,5
NEW_SKU_001,ST10,2025-27,229.5,5
NEW_SKU_001,ST10,2025-28,200.82,5
NEW_SKU_001,ST10,2025-29,158.85,5
NEW_SKU_001,ST10,2025-30,130.64,5
NEW_SKU_001,ST10,2025-31,179.2,5
NEW_SKU_001,ST10,2025-32,139.29,5
NEW_SKU_001,ST10,2025-33,179.78,5
NEW_SKU_001,ST10,2025-34,208.16,5
NEW_SKU_001,ST10,2025-35,209.48,5
NEW_SKU_001,ST10,2025-36,192.68,5
NEW_SKU_001,ST10,2025-37,241.34,5
NEW_SKU_001,ST10,2025-38,240.75,5
NEW_SKU_001,ST10,2025-39,220.39,5
NEW_SKU_001,ST10,2025-40,183.99,5
NEW_SKU_001,ST10,2025-41,205.93,5
NEW_SKU_001,ST10,2025-42,219.06,5
NEW_SKU_001,ST10,2025-43,272.75,5
NEW_SKU_001,ST10,2025-44,165.44,5
NEW_SKU_001,ST10,2025-45,206.55,5
NEW_SKU_001,ST10,2025-46,188.07,5
NEW_SKU_001,ST10,2025-47,292.74,5
NEW_SKU_001,ST10,2025-48,239.91,5
NEW_SKU_001,ST10,2025-49,211.52,5
NEW_SKU_001,ST10,2025-50,132.72,5
NEW_SKU_001,ST10,2025-51,132.5,5
NEW_SKU_001,ST10,2025-52,190.53,5
NEW_SKU_001,ST10,2026-01,226.15,5
NEW_SKU_001,ST10,2026-02,234.08,5
NEW_SKU_001,ST10,2026-03,279.96,5
NEW_SKU_001,ST10,2026-04,316.22,5
NEW_SKU_001,ST10,2026-05,283.68,5
NEW_SKU_001,ST10,2026-06,243.83,5
NEW_SKU_001,ST10,2026-07,199.21,5
NEW_SKU_001,ST10,2026-08,168.16,5
NEW_SKU_001,ST10,2026-09,281.29,5
NEW_SKU_001,ST10,2026-10,228.11,5
NEW_SKU_001,ST10,2026-11,285.69,5
NEW_SKU_001,ST10,2026-12,283.66,5
NEW_SKU_001,ST10,2026-13,158.88,5
NEW_SKU_001,ST10,2026-14,260.91,5
NEW_SKU_001,ST10,2026-15,185.26,5
NEW_SKU_001,ST10,2026-16,222.42,5
NEW_SKU_001,ST10,2026-17,224.21,5
NEW_SKU_001,ST10,2026-18,231.32,5
NEW_SKU_001,ST10,2026-19,177.37,5
NEW_SKU_001,ST10,2026-20,207.65,5
NEW_SKU_001,ST10,2026-21,218.46,5
NEW_SKU_001,ST10,2026-22,262.98,5
NEW_SKU_001,ST11,2025-22,28.55,5
NEW_SKU_001,ST11,2025-23,230.88,5
NEW_SKU_001,ST11,2025-24,184.56,5
NEW_SKU_001,ST11,2025-25,208.67,5
NEW_SKU_001,ST11,2025-26,156.44,5
NEW_SKU_001,ST11,2025-27,193.12,5
NEW_SKU_001,ST11,2025-28,296.54,5
NEW_SKU_001,ST11,2025-29,259.89,5
NEW_SKU_001,ST11,2025-30,251.08,5
NEW_SKU_001,ST11,2025-31,226.17,5
NEW_SKU_001,ST11,2025-32,234.73,5
NEW_SKU_001,ST11,2025-33,252.17,5
NEW_SKU_001,ST11,2025-34,258.26,5
NEW_SKU_001,ST11,2025-35,263.85,5
NEW_SKU_001,ST11,2025-36,181.39,5
NEW_SKU_001,ST11,2025-37,219.39,5
NEW_SKU_001,ST11,2025-38,217.01,5
NEW_SKU_001,ST11,2025-39,241.83,5
NEW_SKU_001,ST11,2025-40,246.21,5
NEW_SKU_001,ST11,2025-41,230.92,5
NEW_SKU_001,ST11,2025-42,190.39,5
NEW_SKU_001,ST11,2025-43,180.58,5
NEW_SKU_001,ST11,2025-44,188.87,5
NEW_SKU_001,ST11,2025-45,269.99,5
NEW_SKU_001,ST11,2025-46,208.33,5
NEW_SKU_001,ST11,2025-47,253.47,5
NEW_SKU_001,ST11,2025-48,269.31,5
NEW_SKU_001,ST11,2025-49,188.85,5
NEW_SKU_001,ST11,2025-50,155.25,5
NEW_SKU_001,ST11,2025-51,154.3,5
NEW_SKU_001,ST11,2025-52,216.96,5
NEW_SKU_001,ST11,2026-01,288.18,5
NEW_SKU_001,ST11,2026-02,267.97,5
NEW_SKU_001,ST11,2026-03,293.93,5
NEW_SKU_001,ST11,2026-04,239.84,5
NEW_SKU_001,ST11,2026-05,234.26,5
NEW_SKU_001,ST11,2026-06,265.47,5
NEW_SKU_001,ST11,2026-07,210.95,5
NEW_SKU_001,ST11,2026-08,226.1,5
NEW_SKU_001,ST11,2026-09,218.53,5
NEW_SKU_001,ST11,2026-10,249.24,5
NEW_SKU_001,ST11,2026-11,341.19,5
NEW_SKU_001,ST11,2026-12,222.7,5
NEW_SKU_001,ST11,2026-13,247.4,5
NEW_SKU_001,ST11,2026-14,291.95,5
NEW_SKU_001,ST11,2026-15,306.07,5
NEW_SKU_001,ST11,2026-16,183.7,5
NEW_SKU_001,ST11,2026-17,326.65,5
NEW_SKU_001,ST11,2026-18,314.26,5
NEW_SKU_001,ST11,2026-19,215.94,5
NEW_SKU_001,ST11,2026-20,190.53,5
NEW_SKU_001,ST11,2026-21,240.38,5
NEW_SKU_001,ST11,2026-22,319.93,5
NEW_SKU_001,ST12,2025-22,40.24,5
NEW_SKU_001,ST12,2025-23,270.85,5
NEW_SKU_001,ST12,2025-24,256.78,5
NEW_SKU_001,ST12,2025-25,397.98,5
NEW_SKU_001,ST12,2025-26,196.24,5
NEW_SKU_001,ST12,2025-27,414.14,5
NEW_SKU_001,ST12,2025-28,314.76,5
NEW_SKU_001,ST12,2025-29,187.44,5
NEW_SKU_001,ST12,2025-30,264.94,5
NEW_SKU_001,ST12,2025-31,256.28,5
NEW_SKU_001,ST12,2025-32,277.0,5
NEW_SKU_001,ST12,2025-33,191.87,5
NEW_SKU_001,ST12,2025-34,215.49,5
NEW_SKU_001,ST12,2025-35,184.29,5
NEW_SKU_001,ST12,2025-36,265.56,5
NEW_SKU_001,ST12,2025-37,199.0,5
NEW_SKU_001,ST12,2025-38,223.71,5
NEW_SKU_001,ST12,2025-39,172.01,5
NEW_SKU_001,ST12,2025-40,186.58,5
NEW_SKU_001,ST12,2025-41,334.8,5
NEW_SKU_001,ST12,2025-42,205.63,5
NEW_SKU_001,ST12,2025-43,164.15,5
NEW_SKU_001,ST12,2025-44,246.46,5
NEW_SKU_001,ST12,2025-45,279.63,5
NEW_SKU_001,ST12,2025-46,238.93,5
NEW_SKU_001,ST12,2025-47,270.85,5
NEW_SKU_001,ST12,2025-48,222.85,5
NEW_SKU_001,ST12,2025-49,172.3,5
NEW_SKU_001,ST12,2025-50,194.03,5
NEW_SKU_001,ST12,2025-51,186.27,5
NEW_SKU_001,ST12,2025-52,241.27,5
NEW_SKU_001,ST12,2026-01,265.67,5
NEW_SKU_001,ST12,2026-02,200.54,5
NEW_SKU_001,ST12,2026-03,283.54,5
NEW_SKU_001,ST12,2026-04,252.82,5
NEW_SKU_001,ST12,2026-05,305.89,5
NEW_SKU_001,ST12,2026-06,228.88,5
NEW_SKU_001,ST12,2026-07,261.3,5
NEW_SKU_001,ST12,2026-08,201.05,5
NEW_SKU_001,ST12,2026-09,240.85,5
NEW_SKU_001,ST12,2026-10,185.71,5
NEW_SKU_001,ST12,2026-11,282.82,5
NEW_SKU_001,ST12,2026-12,238.42,5
NEW_SKU_001,ST12,2026-13,245.68,5
NEW_SKU_001,ST12,2026-14,248.33,5
NEW_SKU_001,ST12,2026-15,266.23,5
NEW_SKU_001,ST12,2026-16,246.16,5
NEW_SKU_001,ST12,2026-17,228.57,5
NEW_SKU_001,ST12,2026-18,233.66,5
NEW_SKU_001,ST12,2026-19,296.74,5
NEW_SKU_001,ST12,2026-20,247.32,5
NEW_SKU_001,ST12,2026-21,233.01,5
NEW_SKU_001,ST12,2026-22,238.16,5
NEW_SKU_001,ST13,2025-22,24.97,5
NEW_SKU_001,ST13,2025-23,220.13,5
NEW_SKU_001,ST13,2025-24,238.11,5
NEW_SKU_001,ST13,2025-25,263.05,5
NEW_SKU_001,ST13,2025-26,219.85,5
NEW_SKU_001,ST13,2025-27,194.6,5
NEW_SKU_001,ST13,2025-28,225.39,5
NEW_SKU_001,ST13,2025-29,185.78,5
NEW_SKU_001,ST13,2025-30,224.06,5
NEW_SKU_001,ST13,2025-31,226.65,5
NEW_SKU_001,ST13,2025-32,236.61,5
NEW_SKU_001,ST13,2025-33,247.19,5
NEW_SKU_001,ST13,2025-34,169.13,5
NEW_SKU_001,ST13,2025-35,188.54,5
NEW_SKU_001,ST13,2025-36,212.11,5
NEW_SKU_001,ST13,2025-37,257.92,5
NEW_SKU_001,ST13,2025-38,356.29,5
NEW_SKU_001,ST13,2025-39,199.84,5
NEW_SKU_001,ST13,2025-40,320.89,5
NEW_SKU_001,ST13,2025-41,258.34,5
NEW_SKU_001,ST13,2025-42,241.0,5
NEW_SKU_001,ST13,2025-43,232.28,5
NEW_SKU_001,ST13,2025-44,202.77,5
NEW_SKU_001,ST13,2025-45,208.52,5
NEW_SKU_001,ST13,2025-46,190.71,5
NEW_SKU_001,ST13,2025-47,339.37,5
NEW_SKU_001,ST13,2025-48,296.28,5
NEW_SKU_001,ST13,2025-49,268.57,5
NEW_SKU_001,ST13,2025-50,163.73,5
NEW_SKU_001,ST13,2025-51,208.66,5
NEW_SKU_001,ST13,2025-52,224.87,5
NEW_SKU_001,ST13,2026-01,311.29,5
NEW_SKU_001,ST13,2026-02,274.04,5
NEW_SKU_001,ST13,2026-03,194.45,5
NEW_SKU_001,ST13,2026-04,256.55,5
NEW_SKU_001,ST13,2026-05,203.52,5
NEW_SKU_001,ST13,2026-06,209.99,5
NEW_SKU_001,ST13,2026-07,165.81,5
NEW_SKU_001,ST13,2026-08,278.13,5
NEW_SKU_001,ST13,2026-09,213.61,5
NEW_SKU_001,ST13,2026-10,266.11,5
NEW_SKU_001,ST13,2026-11,267.53,5
NEW_SKU_001,ST13,2026-12,285.48,5
NEW_SKU_001,ST13,2026-13,307.37,5
NEW_SKU_001,ST13,2026-14,221.59,5
NEW_SKU_001,ST13,2026-15,258.31,5
NEW_SKU_001,ST13,2026-16,323.06,5
NEW_SKU_001,ST13,2026-17,243.35,5
NEW_SKU_001,ST13,2026-18,298.44,5
NEW_SKU_001,ST13,2026-19,240.42,5
NEW_SKU_001,ST13,2026-20,372.94,5
NEW_SKU_001,ST13,2026-21,253.04,5
NEW_SKU_001,ST13,2026-22,199.75,5
NEW_SKU_001,ST14,2025-22,42.29,5
NEW_SKU_001,ST14,2025-23,207.66,5
NEW_SKU_001,ST14,2025-24,227.82,5
NEW_SKU_001,ST14,2025-25,375.44,5
NEW_SKU_001,ST14,2025-26,153.16,5
NEW_SKU_001,ST14,2025-27,209.21,5
NEW_SKU_001,ST14,2025-28,191.73,5
NEW_SKU_001,ST14,2025-29,286.09,5
NEW_SKU_001,ST14,2025-30,217.77,5
NEW_SKU_001,ST14,2025-31,193.79,5
NEW_SKU_001,ST14,2025-32,252.02,5
NEW_SKU_001,ST14,2025-33,195.64,5
NEW_SKU_001,ST14,2025-34,314.33,5
NEW_SKU_001,ST14,2025-35,211.48,5
NEW_SKU_001,ST14,2025-36,235.98,5
NEW_SKU_001,ST14,2025-37,191.15,5
NEW_SKU_001,ST14,2025-38,162.13,5
NEW_SKU_001,ST14,2025-39,235.69,5
NEW_SKU_001,ST14,2025-40,238.68,5
NEW_SKU_001,ST14,2025-41,279.74,5
NEW_SKU_001,ST14,2025-42,224.22,5
NEW_SKU_001,ST14,2025-43,181.96,5
NEW_SKU_001,ST14,2025-44,244.97,5
NEW_SKU_001,ST14,2025-45,219.98,5
NEW_SKU_001,ST14,2025-46,231.08,5
NEW_SKU_001,ST14,2025-47,149.91,5
NEW_SKU_001,ST14,2025-48,199.0,5
NEW_SKU_001,ST14,2025-49,213.69,5
NEW_SKU_001,ST14,2025-50,232.0,5
NEW_SKU_001,ST14,2025-51,232.13,5
NEW_SKU_001,ST14,2025-52,261.84,5
NEW_SKU_001,ST14,2026-01,208.55,5
NEW_SKU_001,ST14,2026-02,266.46,5
NEW_SKU_001,ST14,2026-03,340.83,5
NEW_SKU_001,ST14,2026-04,256.38,5
NEW_SKU_001,ST14,2026-05,242.82,5
NEW_SKU_001,ST14,2026-06,273.03,5
NEW_SKU_001,ST14,2026-07,223.7,5
NEW_SKU_001,ST14,2026-08,319.01,5
NEW_SKU_001,ST14,2026-09,263.89,5
NEW_SKU_001,ST14,2026-10,257.37,5
NEW_SKU_001,ST14,2026-11,297.31,5
NEW_SKU_001,ST14,2026-12,268.23,5
NEW_SKU_001,ST14,2026-13,281.66,5
NEW_SKU_001,ST14,2026-14,205.42,5
NEW_SKU_001,ST14,2026-15,235.67,5
NEW_SKU_001,ST14,2026-16,276.35,5
NEW_SKU_001,ST14,2026-17,253.06,5
NEW_SKU_001,ST14,2026-18,237.95,5
NEW_SKU_001,ST14,2026-19,277.27,5
NEW_SKU_001,ST14,2026-20,251.06,5
NEW_SKU_001,ST14,2026-21,289.24,5
NEW_SKU_001,ST14,2026-22,283.3,5
NEW_SKU_001,ST15,2025-22,39.62,5
NEW_SKU_001,ST15,2025-23,174.35,5
NEW_SKU_001,ST15,2025-24,216.25,5
NEW_SKU_001,ST15,2025-25,252.2,5
NEW_SKU_001,ST15,2025-26,310.42,5
NEW_SKU_001,ST15,2025-27,246.86,5
NEW_SKU_001,ST15,2025-28,136.56,5
NEW_SKU_001,ST15,2025-29,202.35,5
NEW_SKU_001,ST15,2025-30,249.51,5
NEW_SKU_001,ST15,2025-31,203.78,5
NEW_SKU_001,ST15,2025-32,181.99,5
NEW_SKU_001,ST15,2025-33,259.66,5
NEW_SKU_001,ST15,2025-34,182.17,5
NEW_SKU_001,ST15,2025-35,195.35,5
NEW_SKU_001,ST15,2025-36,323.63,5
NEW_SKU_001,ST15,2025-37,298.18,5
NEW_SKU_001,ST15,2025-38,287.13,5
NEW_SKU_001,ST15,2025-39,168.94,5
NEW_SKU_001,ST15,2025-40,305.41,5
NEW_SKU_001,ST15,2025-41,268.38,5
NEW_SKU_001,ST15,2025-42,236.32,5
NEW_SKU_001,ST15,2025-43,308.22,5
NEW_SKU_001,ST15,2025-44,226.7,5
NEW_SKU_001,ST15,2025-45,188.81,5
NEW_SKU_001,ST15,2025-46,211.38,5
NEW_SKU_001,ST15,2025-47,298.37,5
NEW_SKU_001,ST15,2025-48,237.19,5
NEW_SKU_001,ST15,2025-49,193.21,5
NEW_SKU_001,ST15,2025-50,363.92,5
NEW_SKU_001,ST15,2025-51,243.92,5
NEW_SKU_001,ST15,2025-52,236.45,5
NEW_SKU_001,ST15,2026-01,261.33,5
NEW_SKU_001,ST15,2026-02,249.61,5
NEW_SKU_001,ST15,2026-03,265.46,5
NEW_SKU_001,ST15,2026-04,256.13,5
NEW_SKU_001,ST15,2026-05,296.62,5
NEW_SKU_001,ST15,2026-06,232.97,5
NEW_SKU_001,ST15,2026-07,229.88,5
NEW_SKU_001,ST15,2026-08,349.37,5
NEW_SKU_001,ST15,2026-09,243.93,5
NEW_SKU_001,ST15,2026-10,179.06,5
NEW_SKU_001,ST15,2026-11,231.64,5
NEW_SKU_001,ST15,2026-12,223.31,5
NEW_SKU_001,ST15,2026-13,341.61,5
NEW_SKU_001,ST15,2026-14,221.3,5
NEW_SKU_001,ST15,2026-15,280.27,5
NEW_SKU_001,ST15,2026-16,294.59,5
NEW_SKU_001,ST15,2026-17,305.82,5
NEW_SKU_001,ST15,2026-18,218.96,5
NEW_SKU_001,ST15,2026-19,233.17,5
NEW_SKU_001,ST15,2026-20,270.77,5
NEW_SKU_001,ST15,2026-21,293.28,5
NEW_SKU_001,ST15,2026-22,269.35,5
